タイトル,日付,リンク
進む「在宅」多死社会見えつつ,9/26(日) 15:28,https://news.yahoo.co.jp/pickup/6405423
小6自殺 学校は端末PW対策せず,9/26(日) 14:59,https://news.yahoo.co.jp/pickup/6405420
台湾産パイン 日本へ輸出1万tに,9/26(日) 14:10,https://news.yahoo.co.jp/pickup/6405419
大谷 100打点&100得点が目前に,9/26(日) 14:01,https://news.yahoo.co.jp/pickup/6405418
神保悟志 結婚機にハーレー処分,9/26(日) 13:46,https://news.yahoo.co.jp/pickup/6405417
ドイツ総選挙は接戦に 与党猛追,9/26(日) 13:23,https://news.yahoo.co.jp/pickup/6405416
93歳が3度事故 免許返納願う娘,9/26(日) 12:57,https://news.yahoo.co.jp/pickup/6405412
厚労相 宣言解除「実現できる」,9/26(日) 12:51,https://news.yahoo.co.jp/pickup/6405415
「聖地」のレトロ自販機 復活へ,9/26(日) 12:32,https://news.yahoo.co.jp/pickup/6405414
日本の建築は短命 課題に挑む男,9/26(日) 12:26,https://news.yahoo.co.jp/pickup/6405413
米で列車脱線 50人超負傷か,9/26(日) 12:11,https://news.yahoo.co.jp/pickup/6405409
原油の異常湧出続く市 対応困惑,9/26(日) 12:05,https://news.yahoo.co.jp/pickup/6405410
台風 金曜に関東沖へ進む見込み,9/26(日) 11:42,https://news.yahoo.co.jp/pickup/6405408
自衛隊の大規模接種 1回目再開,9/26(日) 11:25,https://news.yahoo.co.jp/pickup/6405406
小学校をレンガで 建築家の思い,9/26(日) 11:22,https://news.yahoo.co.jp/pickup/6405403
大谷 球団MVPと最優秀投手受賞,9/26(日) 11:13,https://news.yahoo.co.jp/pickup/6405405
「軍師」安倍氏 高市氏てこ入れ,9/26(日) 11:11,https://news.yahoo.co.jp/pickup/6405404
子どもの感染急増 悩む保育現場,9/26(日) 10:51,https://news.yahoo.co.jp/pickup/6405402
クワガタ密猟?昆虫採取のわな増,9/26(日) 10:24,https://news.yahoo.co.jp/pickup/6405401
がん闘病 31歳高校生が卓球V,9/26(日) 9:49,https://news.yahoo.co.jp/pickup/6405400
維新の森議員 出馬取りやめ意向,9/26(日) 9:30,https://news.yahoo.co.jp/pickup/6405399
久保 10月のW杯予選は招集なし,9/26(日) 9:25,https://news.yahoo.co.jp/pickup/6405398
アフリカ接種完了3% 世界で格差,9/26(日) 8:43,https://news.yahoo.co.jp/pickup/6405394
議員票、岸田氏が一歩先行,9/26(日) 8:37,https://news.yahoo.co.jp/pickup/6405396
鬼滅声優の下野紘 結婚していた,9/26(日) 8:22,https://news.yahoo.co.jp/pickup/6405393
台風16号 週後半は関東に影響か,9/26(日) 7:48,https://news.yahoo.co.jp/pickup/6405391
バンキシャ 後呂アナがMC就任,9/26(日) 7:35,https://news.yahoo.co.jp/pickup/6405387
一部ウルトラマン配信停止 中国,9/26(日) 7:29,https://news.yahoo.co.jp/pickup/6405388
畑岡驚き 再びホールインワン,9/26(日) 7:24,https://news.yahoo.co.jp/pickup/6405389
菅首相 次期内閣での入閣を否定,9/26(日) 0:46,https://news.yahoo.co.jp/pickup/6405386
金与正氏 異例の連続メッセージ,9/26(日) 0:14,https://news.yahoo.co.jp/pickup/6405384
鬼滅の刃・遊郭編 12/5放送開始,9/25(土) 23:59,https://news.yahoo.co.jp/pickup/6405385
髪伸ばす石川遼 冬は暖かいかな,9/25(土) 23:25,https://news.yahoo.co.jp/pickup/6405383
池江が初始球式 あごガクガク,9/25(土) 22:55,https://news.yahoo.co.jp/pickup/6405381
メルカリ会長 mixi草創期を語る,9/25(土) 22:52,https://news.yahoo.co.jp/pickup/6405380
退任直前の首相訪米 米なぜ強行,9/25(土) 22:34,https://news.yahoo.co.jp/pickup/6405376
天安門追悼団体が解散決定 香港,9/25(土) 22:30,https://news.yahoo.co.jp/pickup/6405378
ワクチン承認審査 見直し検討,9/25(土) 22:29,https://news.yahoo.co.jp/pickup/6405379
虐待死 発覚恐れ数時間放置か,9/25(土) 21:55,https://news.yahoo.co.jp/pickup/6405377
ポケカは投機対象 規制求める声,9/25(土) 21:05,https://news.yahoo.co.jp/pickup/6405375
総裁選 4氏支持拡大へ追い込み,9/25(土) 21:03,https://news.yahoo.co.jp/pickup/6405374
台風 週明け猛烈な勢力に発達か,9/25(土) 20:25,https://news.yahoo.co.jp/pickup/6405373
熱海 土砂搬出作業の男性死亡,9/25(土) 20:20,https://news.yahoo.co.jp/pickup/6405372
休園の神戸人気スポット 廃虚化,9/25(土) 20:20,https://news.yahoo.co.jp/pickup/6405370
久保建英 半月板負傷との報道も,9/25(土) 19:42,https://news.yahoo.co.jp/pickup/6405369
米米CLUB石井が転倒 公演延期,9/25(土) 19:13,https://news.yahoo.co.jp/pickup/6405368
若手親方 話題は必ずダイエット,9/25(土) 19:03,https://news.yahoo.co.jp/pickup/6405367
阪神高橋「ハルト無双」初完封,9/25(土) 19:00,https://news.yahoo.co.jp/pickup/6405366
鎌倉に若者の姿 老舗店は複雑,9/25(土) 18:50,https://news.yahoo.co.jp/pickup/6405365
2歳衰弱死 男の懲役13年確定へ,9/25(土) 18:27,https://news.yahoo.co.jp/pickup/6405364
米国、台湾のTPP加盟を後押し,9/25(土) 18:18,https://news.yahoo.co.jp/pickup/6405362
日米豪印 中国を念頭に共同声明,9/25(土) 18:15,https://news.yahoo.co.jp/pickup/6405363
恒大EV子会社、一部事業停止,9/25(土) 18:04,https://news.yahoo.co.jp/pickup/6405361
今年もポケット入る? 六法話題,9/25(土) 17:45,https://news.yahoo.co.jp/pickup/6405360
宣言とまん延防止 全解除で調整,9/25(土) 17:17,https://news.yahoo.co.jp/pickup/6405359
絶好の練習場所?駅前でスケボー,9/25(土) 17:10,https://news.yahoo.co.jp/pickup/6405356
長友と酒井が初対決 酒井が得点,9/25(土) 17:04,https://news.yahoo.co.jp/pickup/6405358
東京 新たに382人の感染確認,9/25(土) 16:56,https://news.yahoo.co.jp/pickup/6405357
台風16号が急発達 進路に警戒,9/25(土) 16:27,https://news.yahoo.co.jp/pickup/6405354
SKE48林美澪 12歳のコロナ体験,9/25(土) 16:18,https://news.yahoo.co.jp/pickup/6405353
制限緩和 観光業界の期待と懸念,9/25(土) 16:16,https://news.yahoo.co.jp/pickup/6405352
親ガチャは言い訳か 若者の現実,9/25(土) 16:07,https://news.yahoo.co.jp/pickup/6405350
大谷に敬遠 敵将「何の問題が」,9/25(土) 15:58,https://news.yahoo.co.jp/pickup/6405351
華為副会長 人生一変ひどい日々,9/25(土) 15:55,https://news.yahoo.co.jp/pickup/6405349
萌音 佐藤栞里の笑顔思い歌唱,9/25(土) 15:36,https://news.yahoo.co.jp/pickup/6405348
育児で休眠美容師 復帰できた訳,9/25(土) 15:02,https://news.yahoo.co.jp/pickup/6405347
大谷3戦11四球 大ブーイング,9/25(土) 14:38,https://news.yahoo.co.jp/pickup/6405346
恒大集団が投資家と利払い交渉,9/25(土) 14:15,https://news.yahoo.co.jp/pickup/6405344
総裁選 財政再建を語らない4氏,9/25(土) 14:11,https://news.yahoo.co.jp/pickup/6405343
地銀13行でシステム共同開発へ,9/25(土) 14:10,https://news.yahoo.co.jp/pickup/6405345
大谷3戦10四球 リーグタイ記録,9/25(土) 14:01,https://news.yahoo.co.jp/pickup/6405342
乃木坂46星野 一部の活動自粛へ,9/25(土) 13:08,https://news.yahoo.co.jp/pickup/6405340
「可搬式オービス」高速道でも,9/25(土) 13:07,https://news.yahoo.co.jp/pickup/6405341
首相 国連で重点政策継続を表明,9/25(土) 12:57,https://news.yahoo.co.jp/pickup/6405339
京都市の無電柱化 財政難で中断,9/25(土) 12:57,https://news.yahoo.co.jp/pickup/6405337
大谷13打席9四球 敬遠に苦笑い,9/25(土) 12:51,https://news.yahoo.co.jp/pickup/6405338
第4次ミニ四駆ブームへ 再人気,9/25(土) 12:43,https://news.yahoo.co.jp/pickup/6405336
バイデン氏が首相ねぎらう 会談,9/25(土) 12:19,https://news.yahoo.co.jp/pickup/6405335
中国で拘束のカナダ人 2人出国,9/25(土) 12:11,https://news.yahoo.co.jp/pickup/6405334
台風16号 来週本州に近づく恐れ,9/25(土) 11:58,https://news.yahoo.co.jp/pickup/6405333
畑岡奈紗 ホールインワンも悔い,9/25(土) 11:41,https://news.yahoo.co.jp/pickup/6405332
木村拓哉 夕食15時から食べる,9/25(土) 11:32,https://news.yahoo.co.jp/pickup/6405331
冷蔵庫に乳児の遺体 夫婦を逮捕,9/25(土) 11:31,https://news.yahoo.co.jp/pickup/6405330
恒大 期限内に社債利払いできず,9/25(土) 11:09,https://news.yahoo.co.jp/pickup/6405329
韓国の感染者、初の3000人台,9/25(土) 11:00,https://news.yahoo.co.jp/pickup/6405328
野田聖子氏「敗北宣言」を撤回,9/25(土) 10:41,https://news.yahoo.co.jp/pickup/6405327
日米豪印の首脳会合 毎年開催へ,9/25(土) 10:12,https://news.yahoo.co.jp/pickup/6405326
総裁選4候補 党員票獲得に全力,9/25(土) 10:03,https://news.yahoo.co.jp/pickup/6405324
小室氏の見た目言及 NYではNG,9/25(土) 9:55,https://news.yahoo.co.jp/pickup/6405325
アタック25最後の収録 谷原感謝,9/25(土) 9:39,https://news.yahoo.co.jp/pickup/6405322
小6自殺 教員の隙みて悪口投稿,9/25(土) 9:19,https://news.yahoo.co.jp/pickup/6405321
村田諒太 IBF王者と統一戦交渉,9/25(土) 8:54,https://news.yahoo.co.jp/pickup/6405319
台風16号発達し北上 来週警戒を,9/25(土) 8:47,https://news.yahoo.co.jp/pickup/6405320
日米豪印 半導体・5Gで連携強化,9/25(土) 8:03,https://news.yahoo.co.jp/pickup/6405316
自宅療養の死者 全国で200人超,9/25(土) 8:02,https://news.yahoo.co.jp/pickup/6405317
ドローンの衝突回避 一元管制へ,9/25(土) 7:58,https://news.yahoo.co.jp/pickup/6405318
眞子さま一時金 支給せずで調整,9/25(土) 7:40,https://news.yahoo.co.jp/pickup/6405314
華為CFO 米検察と司法取引合意,9/25(土) 7:24,https://news.yahoo.co.jp/pickup/6405313
大木優紀アナ 年内でテレ朝退社,9/25(土) 7:23,https://news.yahoo.co.jp/pickup/6405311
バレー元代表 柳田将洋が結婚,9/25(土) 7:22,https://news.yahoo.co.jp/pickup/6405312
ぴったんこ最終回 安住アナが涙,9/25(土) 0:29,https://news.yahoo.co.jp/pickup/6405310
華為スマホ 4兆円規模の減収へ,9/24(金) 23:55,https://news.yahoo.co.jp/pickup/6405309
連合 初の女性会長就任へ,9/24(金) 23:11,https://news.yahoo.co.jp/pickup/6405308
滑走路にカメ 大惨事の恐れも,9/24(金) 22:57,https://news.yahoo.co.jp/pickup/6405307
「破産者マップ」運営者を提訴,9/24(金) 22:48,https://news.yahoo.co.jp/pickup/6405306
北朝鮮 硬軟両様で米韓揺さぶり,9/24(金) 22:46,https://news.yahoo.co.jp/pickup/6405304
与正氏 終戦宣言は「良い発想」,9/24(金) 22:19,https://news.yahoo.co.jp/pickup/6405303
都立高の男女別定員 廃止へ,9/24(金) 22:04,https://news.yahoo.co.jp/pickup/6405301
熱愛報道 乃木坂星野Mステ出ず,9/24(金) 22:03,https://news.yahoo.co.jp/pickup/6405302
破天荒・がぜん 正しく理解2割,9/24(金) 21:34,https://news.yahoo.co.jp/pickup/6405300
肘打ち レアンドロ出場停止処分,9/24(金) 21:24,https://news.yahoo.co.jp/pickup/6405299
日米豪印 途上国インフラ支援へ,9/24(金) 21:16,https://news.yahoo.co.jp/pickup/6405298
コロナなめないで 民間救急の今,9/24(金) 20:40,https://news.yahoo.co.jp/pickup/6405294
メルケル氏引退 シリア難民不安,9/24(金) 20:34,https://news.yahoo.co.jp/pickup/6405295
中国、暗号資産を全面禁止に,9/24(金) 20:27,https://news.yahoo.co.jp/pickup/6405296
渋谷凪咲 キャラ作るのはやめた,9/24(金) 20:26,https://news.yahoo.co.jp/pickup/6405297
トイレで気づいた 渋谷凪咲の軸,9/24(金) 20:07,https://news.yahoo.co.jp/pickup/6405293
制限緩和 13自治体で実証実験へ,9/24(金) 19:54,https://news.yahoo.co.jp/pickup/6405292
眞子さま 今月末で博物館退職へ,9/24(金) 19:42,https://news.yahoo.co.jp/pickup/6405290
日本経済の六重苦改善 白書分析,9/24(金) 19:41,https://news.yahoo.co.jp/pickup/6405291
河野氏 部会巡る批判発言を撤回,9/24(金) 19:27,https://news.yahoo.co.jp/pickup/6405288
TDR新料金 混雑時は最大9400円,9/24(金) 18:53,https://news.yahoo.co.jp/pickup/6405287
医療機関コロナ対策 実費補助に,9/24(金) 18:51,https://news.yahoo.co.jp/pickup/6405286
都専門家 感染再拡大の危険高い,9/24(金) 18:45,https://news.yahoo.co.jp/pickup/6405284
パナ、1000人超が早期退職へ,9/24(金) 18:40,https://news.yahoo.co.jp/pickup/6405285
オリ西浦「病に勝てなかった」,9/24(金) 18:15,https://news.yahoo.co.jp/pickup/6405281
3歳児助けられず 再び失敗なぜ,9/24(金) 18:13,https://news.yahoo.co.jp/pickup/6405282
軽い気持ちで中傷 水谷隼が警告,9/24(金) 17:59,https://news.yahoo.co.jp/pickup/6405283
動物虐待の動画 真偽判断難しく,9/24(金) 17:58,https://news.yahoo.co.jp/pickup/6405279
TDR 混雑時は最大700円値上げ,9/24(金) 17:41,https://news.yahoo.co.jp/pickup/6405278
成田の滑走路に珍客 カメ捕獲,9/24(金) 17:18,https://news.yahoo.co.jp/pickup/6405277
みずほシステム管理 金融相否定,9/24(金) 17:12,https://news.yahoo.co.jp/pickup/6405275
関西スーパー、H2O提案が最善,9/24(金) 17:09,https://news.yahoo.co.jp/pickup/6405272
東京都 新たに235人の感染発表,9/24(金) 17:05,https://news.yahoo.co.jp/pickup/6405274
Twitter「投げ銭」正式リリース,9/24(金) 16:59,https://news.yahoo.co.jp/pickup/6405273
たかみな 解けた「完璧」の呪い,9/24(金) 16:54,https://news.yahoo.co.jp/pickup/6405271
乳児殺害・遺棄 懲役5年の判決,9/24(金) 16:39,https://news.yahoo.co.jp/pickup/6405270
接待 デジタル庁審議官を処分,9/24(金) 16:13,https://news.yahoo.co.jp/pickup/6405269
大規模接種 16歳17歳の追加決定,9/24(金) 16:01,https://news.yahoo.co.jp/pickup/6405268
オリックス 西浦颯大が現役引退,9/24(金) 15:43,https://news.yahoo.co.jp/pickup/6405267
河野氏 原則自治体で3回目接種,9/24(金) 15:40,https://news.yahoo.co.jp/pickup/6405266
モー娘。エース佐藤優樹 卒業へ,9/24(金) 15:29,https://news.yahoo.co.jp/pickup/6405265
終値 609円高の3万248円,9/24(金) 15:28,https://news.yahoo.co.jp/pickup/6405264
人類北米到達 従来説より早い?,9/24(金) 15:19,https://news.yahoo.co.jp/pickup/6405263
マンション9階から転落 4歳死亡,9/24(金) 14:42,https://news.yahoo.co.jp/pickup/6405262
SBI 新生銀TOB条件付きで延長,9/24(金) 14:20,https://news.yahoo.co.jp/pickup/6405259
大谷に四球攻め 2試合で7四球,9/24(金) 14:10,https://news.yahoo.co.jp/pickup/6405260
iPhone13 高級モデル1カ月待ち,9/24(金) 13:44,https://news.yahoo.co.jp/pickup/6405258
石崎徹衆院議員が辞職願,9/24(金) 13:40,https://news.yahoo.co.jp/pickup/6405257
3歳虐待死 60℃熱湯浴びせたか,9/24(金) 13:23,https://news.yahoo.co.jp/pickup/6405255
台風は急発達へ 海面水温高い訳,9/24(金) 13:14,https://news.yahoo.co.jp/pickup/6405256
署名偽造 元事務局長が認否留保,9/24(金) 12:10,https://news.yahoo.co.jp/pickup/6405250
日印首脳が会談 中国をけん制,9/24(金) 12:04,https://news.yahoo.co.jp/pickup/6405253
知的障害 パラ出場枠めぐる闘い,9/24(金) 11:31,https://news.yahoo.co.jp/pickup/6405249
暴力的な笑い 終えんに向かう?,9/24(金) 11:18,https://news.yahoo.co.jp/pickup/6405248
台湾の防空圏に中国軍24機進入,9/24(金) 11:13,https://news.yahoo.co.jp/pickup/6405247
フジ木村拓也アナ 昨年に離婚,9/24(金) 10:44,https://news.yahoo.co.jp/pickup/6405245
3歳虐待死 市は男同居把握せず,9/24(金) 10:42,https://news.yahoo.co.jp/pickup/6405244
恒大破綻備え 中国が地方に指示,9/24(金) 10:02,https://news.yahoo.co.jp/pickup/6405243
マンション管理 更新拒否相次ぐ,9/24(金) 9:58,https://news.yahoo.co.jp/pickup/6405242
下平アナ 生の高田純次ハンサム,9/24(金) 9:45,https://news.yahoo.co.jp/pickup/6405241
日経平均 大台の3万円台を回復,9/24(金) 9:25,https://news.yahoo.co.jp/pickup/6405238
北朝鮮 終戦宣言は「時期尚早」,9/24(金) 9:09,https://news.yahoo.co.jp/pickup/6405237
毎日が党員票分析 河野氏4割強,9/24(金) 8:58,https://news.yahoo.co.jp/pickup/6405235
自衛隊接種 16歳以上を対象方針,9/24(金) 8:26,https://news.yahoo.co.jp/pickup/6405233
日本車の減産深刻 約170万台に,9/24(金) 8:23,https://news.yahoo.co.jp/pickup/6405232
日米豪印 宇宙分野協力で合意へ,9/24(金) 7:55,https://news.yahoo.co.jp/pickup/6405231
自宅近くの川で小2死亡 長崎,9/24(金) 7:54,https://news.yahoo.co.jp/pickup/6405229
zero 元「福娘」の新人アナ加入,9/24(金) 7:27,https://news.yahoo.co.jp/pickup/6405228
総裁選 ロックダウン可否で論戦,9/24(金) 6:44,https://news.yahoo.co.jp/pickup/6405227
久保建英 膝のけがでチーム離脱,9/24(金) 6:26,https://news.yahoo.co.jp/pickup/6405226
中卒でMLB契約 結城19歳で引退,9/24(金) 6:13,https://news.yahoo.co.jp/pickup/6405225
総裁選争点に年金 全額税の是非,9/24(金) 0:00,https://news.yahoo.co.jp/pickup/6405224
台風16号発生 日本の南に北上か,9/23(木) 23:03,https://news.yahoo.co.jp/pickup/6405222
県警本部長が人身事故 おわび,9/23(木) 23:03,https://news.yahoo.co.jp/pickup/6405223
モデルナ難民 救済接種の動きも,9/23(木) 22:32,https://news.yahoo.co.jp/pickup/6405221
那須川天心が判定勝ち 45連勝,9/23(木) 21:52,https://news.yahoo.co.jp/pickup/6405220
14年前の強盗強姦容疑 男逮捕,9/23(木) 21:29,https://news.yahoo.co.jp/pickup/6405219
着床前検査で流産率が減少 研究,9/23(木) 21:29,https://news.yahoo.co.jp/pickup/6405218
EU スマホ充電器Type-C統一へ,9/23(木) 21:09,https://news.yahoo.co.jp/pickup/6405217
横浜FM 監督の指笛疑惑を否定,9/23(木) 20:52,https://news.yahoo.co.jp/pickup/6405216
台風16号発生へ 日本接近恐れも,9/23(木) 20:35,https://news.yahoo.co.jp/pickup/6405215
3歳虐待死 10分近く体に熱湯か,9/23(木) 20:06,https://news.yahoo.co.jp/pickup/6405214
就活費 コロナ前と比べ4割減,9/23(木) 19:49,https://news.yahoo.co.jp/pickup/6405213
25人中24人ブレイクスルー感染,9/23(木) 19:18,https://news.yahoo.co.jp/pickup/6405212
始球式でダチョウ 押すな押すな,9/23(木) 19:03,https://news.yahoo.co.jp/pickup/6405210
地方の幹事長16人 岸田氏支持,9/23(木) 19:02,https://news.yahoo.co.jp/pickup/6405211
中国 台湾TPP加盟「断固反対」,9/23(木) 18:29,https://news.yahoo.co.jp/pickup/6405208
囲碁 AI不正対策で抜き打ち検査,9/23(木) 18:12,https://news.yahoo.co.jp/pickup/6405207
暑い日も赤ちゃんに靴下?医師は,9/23(木) 17:58,https://news.yahoo.co.jp/pickup/6405206
韓ドラで電話番号流出 被害訴え,9/23(木) 17:51,https://news.yahoo.co.jp/pickup/6405205
10月も高温傾向 台風の動向注意,9/23(木) 17:24,https://news.yahoo.co.jp/pickup/6405204
3歳児ひき逃げ容疑で逮捕 千葉,9/23(木) 17:13,https://news.yahoo.co.jp/pickup/6405203
配偶者死去 年金受給額どうなる,9/23(木) 16:57,https://news.yahoo.co.jp/pickup/6405199
東京都 新たに531人の感染確認,9/23(木) 16:56,https://news.yahoo.co.jp/pickup/6405200
「地獄の井戸」の底に到達 中東,9/23(木) 16:45,https://news.yahoo.co.jp/pickup/6405198
巨人・中田翔 先制2ランで笑顔,9/23(木) 16:21,https://news.yahoo.co.jp/pickup/6405197
恒大集団 債権者らの不満蓄積,9/23(木) 16:11,https://news.yahoo.co.jp/pickup/6405195
河野陣営に焦り 議員浸透に苦戦,9/23(木) 16:11,https://news.yahoo.co.jp/pickup/6405196
鳥貴族、バーガー参入での苦労,9/23(木) 15:51,https://news.yahoo.co.jp/pickup/6405194
マヂラブ野田 50歳で隠居目指す,9/23(木) 15:45,https://news.yahoo.co.jp/pickup/6405193
MS、Win11搭載のSurface発表,9/23(木) 15:34,https://news.yahoo.co.jp/pickup/6405192
対面授業は時期尚早 慎重な大学,9/23(木) 15:12,https://news.yahoo.co.jp/pickup/6405191
大谷苦笑い リーグトップ15敬遠,9/23(木) 14:49,https://news.yahoo.co.jp/pickup/6405190
関東で気温上昇 都心でも真夏日,9/23(木) 14:24,https://news.yahoo.co.jp/pickup/6405189
総裁選 各陣営のネット戦略検証,9/23(木) 14:07,https://news.yahoo.co.jp/pickup/6405188
宣言4カ月「限界」国際通りの今,9/23(木) 13:48,https://news.yahoo.co.jp/pickup/6405185
「ウシジマ」に限界 作者語る,9/23(木) 13:30,https://news.yahoo.co.jp/pickup/6405184
朗希が急きょ先発回避 腰に張り,9/23(木) 13:04,https://news.yahoo.co.jp/pickup/6405183
日米韓外相 北非核化へ連携確認,9/23(木) 12:55,https://news.yahoo.co.jp/pickup/6405182
野田聖子氏 当選は私以外の誰か,9/23(木) 12:31,https://news.yahoo.co.jp/pickup/6405181
俳優と母 30歳前田敦子の現在地,9/23(木) 12:10,https://news.yahoo.co.jp/pickup/6405179
飛び石連休初日 高速道路は渋滞,9/23(木) 11:59,https://news.yahoo.co.jp/pickup/6405178
バドでリオ金 高橋さん妊娠報告,9/23(木) 11:57,https://news.yahoo.co.jp/pickup/6405177
台湾 TPPはWTO加盟以来の好機,9/23(木) 11:40,https://news.yahoo.co.jp/pickup/6405176
眞子さま「最後の行事」に出席,9/23(木) 11:32,https://news.yahoo.co.jp/pickup/6405175
みずほ 派閥争いシステム複雑化,9/23(木) 11:26,https://news.yahoo.co.jp/pickup/6405172
自民総裁選 決選投票が濃厚か,9/23(木) 10:51,https://news.yahoo.co.jp/pickup/6405170
W杯隔年開催に「危険性」UEFA,9/23(木) 10:50,https://news.yahoo.co.jp/pickup/6405171
大坂なおみ ツアー大会を欠場,9/23(木) 10:29,https://news.yahoo.co.jp/pickup/6405168
密避け人気 水上バイク事故急増,9/23(木) 10:22,https://news.yahoo.co.jp/pickup/6405169
死亡の3歳児「いや」と再三SOS,9/23(木) 9:58,https://news.yahoo.co.jp/pickup/6405166
総裁選 4候補の経済対策を検証,9/23(木) 9:45,https://news.yahoo.co.jp/pickup/6405167
車いすバスケ、パラ存続へ,9/23(木) 9:23,https://news.yahoo.co.jp/pickup/6405165
技能実習生の監理団体 虚偽報告,9/23(木) 9:03,https://news.yahoo.co.jp/pickup/6405164
昨季戦力外の選手 新天地で躍動,9/23(木) 8:44,https://news.yahoo.co.jp/pickup/6405163
実験 接種有無で店内エリア分け,9/23(木) 8:30,https://news.yahoo.co.jp/pickup/6405162
米仏大統領、緊張緩和で合意,9/23(木) 8:25,https://news.yahoo.co.jp/pickup/6405160
中国の不動産業界 迫る倒産の波,9/23(木) 8:00,https://news.yahoo.co.jp/pickup/6405159
大谷 103年ぶり偉業に27日挑戦,9/23(木) 7:38,https://news.yahoo.co.jp/pickup/6405158
フジ内田嶺衣奈アナ 局員と結婚,9/23(木) 7:27,https://news.yahoo.co.jp/pickup/6405157
FRB 11月にも量的緩和縮小決定,9/23(木) 3:39,https://news.yahoo.co.jp/pickup/6405156
ヤクルト首位 監督「今知った」,9/22(水) 23:57,https://news.yahoo.co.jp/pickup/6405155
仙台空港 米オスプレイ緊急着陸,9/22(水) 23:32,https://news.yahoo.co.jp/pickup/6405154
総裁選「バッジ」巡るデマ拡散,9/22(水) 23:17,https://news.yahoo.co.jp/pickup/6405153
スマホ買い替え巡り各社が腐心,9/22(水) 22:59,https://news.yahoo.co.jp/pickup/6405152
肘打ち被害 名古屋DFが厳罰要求,9/22(水) 22:51,https://news.yahoo.co.jp/pickup/6405151
日テレ「夢の通り道」9月で終了,9/22(水) 22:31,https://news.yahoo.co.jp/pickup/6405149
96年アジア杯 カップ麺の歓喜,9/22(水) 22:03,https://news.yahoo.co.jp/pickup/6405147
台湾 TPP加盟を正式に申請,9/22(水) 22:00,https://news.yahoo.co.jp/pickup/6405148
自民党総裁選 投票用紙巡り混乱,9/22(水) 21:53,https://news.yahoo.co.jp/pickup/6405146
拳四朗涙「具志堅超え」夢破れ,9/22(水) 21:42,https://news.yahoo.co.jp/pickup/6405145
乃木坂46 星野みなみに熱愛報道,9/22(水) 21:25,https://news.yahoo.co.jp/pickup/6405144
こども庁創設に温度差 総裁選,9/22(水) 20:26,https://news.yahoo.co.jp/pickup/6405143
小室圭さん 27日に帰国の見通し,9/22(水) 20:23,https://news.yahoo.co.jp/pickup/6405142
異例の対応 みずほ新事業凍結も,9/22(水) 20:21,https://news.yahoo.co.jp/pickup/6405141
松屋 プレミアム牛めしは終了へ,9/22(水) 20:18,https://news.yahoo.co.jp/pickup/6405140
立憲 党職員を迷惑行為で処分,9/22(水) 20:12,https://news.yahoo.co.jp/pickup/6405139
富士山の初冠雪 異例の見直し,9/22(水) 19:49,https://news.yahoo.co.jp/pickup/6405136
熱湯かけられた3歳死亡 男逮捕,9/22(水) 19:49,https://news.yahoo.co.jp/pickup/6405138
ヤクルト バンデンハーク退団へ,9/22(水) 19:48,https://news.yahoo.co.jp/pickup/6405135
音楽事務所 大麻の密売拠点か,9/22(水) 19:40,https://news.yahoo.co.jp/pickup/6405134
年収600万円 大学進学で貧困に?,9/22(水) 19:32,https://news.yahoo.co.jp/pickup/6405137
トヨタ、39車種11万台リコール,9/22(水) 19:23,https://news.yahoo.co.jp/pickup/6405133
後継の人気急落 焦るメルケル氏,9/22(水) 19:21,https://news.yahoo.co.jp/pickup/6405132
潮時かなと マジック魔法刀終売,9/22(水) 19:15,https://news.yahoo.co.jp/pickup/6405131
児相の業務効率化 初のAI導入,9/22(水) 18:52,https://news.yahoo.co.jp/pickup/6405130
内山信二 妻の妊娠6カ月を公表,9/22(水) 18:30,https://news.yahoo.co.jp/pickup/6405129
コロナ影響 半導体危機に第2波,9/22(水) 18:25,https://news.yahoo.co.jp/pickup/6405128
デザインあ 放送休止は継続,9/22(水) 18:14,https://news.yahoo.co.jp/pickup/6405126
大学進学 隠れた貧困のリスク,9/22(水) 18:03,https://news.yahoo.co.jp/pickup/6405127
自民「1.5億円買収に使われず」,9/22(水) 17:30,https://news.yahoo.co.jp/pickup/6405124
年明け 高齢者3回目接種見通し,9/22(水) 17:19,https://news.yahoo.co.jp/pickup/6405121
東京 新たに537人の感染確認,9/22(水) 17:05,https://news.yahoo.co.jp/pickup/6405123
東電社長を減給へ テロ対策不備,9/22(水) 17:05,https://news.yahoo.co.jp/pickup/6405122
裁判させず強制送還「違憲」,9/22(水) 17:04,https://news.yahoo.co.jp/pickup/6405120
北海道 マダニで新たな感染症,9/22(水) 16:51,https://news.yahoo.co.jp/pickup/6405117
コロナ影響で内定取り消し124人,9/22(水) 16:48,https://news.yahoo.co.jp/pickup/6405119
障害7回 みずほに業務改善命令,9/22(水) 16:48,https://news.yahoo.co.jp/pickup/6405118
風間さん死去 対戦の北斗晶悼む,9/22(水) 16:35,https://news.yahoo.co.jp/pickup/6405116
Google 2300億円でNYビル購入,9/22(水) 15:15,https://news.yahoo.co.jp/pickup/6405115
内村航平 あご含め全関節に痛み,9/22(水) 15:15,https://news.yahoo.co.jp/pickup/6405114
楽器ヤマハ悩ませる半導体不足,9/22(水) 15:04,https://news.yahoo.co.jp/pickup/6405113
バイクと接触 歩行者を書類送検,9/22(水) 14:37,https://news.yahoo.co.jp/pickup/6405112
大谷が45号HR トップと1本差に,9/22(水) 14:19,https://news.yahoo.co.jp/pickup/6405111
羽田空港にサル出没、捕獲,9/22(水) 14:14,https://news.yahoo.co.jp/pickup/6405110
大谷翔平 10試合ぶり45号HR,9/22(水) 14:08,https://news.yahoo.co.jp/pickup/6405109
総裁選 子ども予算倍増全員賛成,9/22(水) 13:56,https://news.yahoo.co.jp/pickup/6405108
iPhoneでうつ病検知?開発に着手,9/22(水) 13:44,https://news.yahoo.co.jp/pickup/6405107
議員票 岸田氏が一歩リード,9/22(水) 13:22,https://news.yahoo.co.jp/pickup/6405106
文大統領 朝鮮戦争の終戦宣言を,9/22(水) 13:16,https://news.yahoo.co.jp/pickup/6405101
元ヤクルト 村中恭兵が現役引退,9/22(水) 13:00,https://news.yahoo.co.jp/pickup/6405105
日銀 大規模緩和の維持を決定,9/22(水) 12:34,https://news.yahoo.co.jp/pickup/6405104
AKB冠番組が休止 理由明かさず,9/22(水) 12:33,https://news.yahoo.co.jp/pickup/6405103
巨額詐欺 元会長が詐欺認め謝罪,9/22(水) 12:24,https://news.yahoo.co.jp/pickup/6405099
元レスラー・風間ルミさん死去,9/22(水) 12:18,https://news.yahoo.co.jp/pickup/6405102
福井県議 頭から血を流し重体,9/22(水) 12:05,https://news.yahoo.co.jp/pickup/6405098
中国恒大、社債利払いを実行へ,9/22(水) 12:04,https://news.yahoo.co.jp/pickup/6405100
SATCスタンフォード役俳優死去,9/22(水) 11:53,https://news.yahoo.co.jp/pickup/6405096
J&J製 追加接種で有効性94%,9/22(水) 11:41,https://news.yahoo.co.jp/pickup/6405093
高木ブー&仲本工事23年ぶり雷様,9/22(水) 11:32,https://news.yahoo.co.jp/pickup/6405095
大麻「誤解」広がる 若者に蔓延,9/22(水) 11:26,https://news.yahoo.co.jp/pickup/6405094
英首相、6人の子の存在認める,9/22(水) 11:01,https://news.yahoo.co.jp/pickup/6405091
戸田菜穂 1年に1回はひとり旅,9/22(水) 10:46,https://news.yahoo.co.jp/pickup/6405092
鈴木亮平のすごみ 監督ら語る,9/22(水) 10:36,https://news.yahoo.co.jp/pickup/6405090
宝島社 広告でコロナ対策を批判,9/22(水) 10:30,https://news.yahoo.co.jp/pickup/6405089
マスク着用求めた店員を射殺 独,9/22(水) 10:28,https://news.yahoo.co.jp/pickup/6405088
戸田菜穂 完璧な母になる気ない,9/22(水) 10:21,https://news.yahoo.co.jp/pickup/6405087
アイスMOWシズル感で危機脱す,9/22(水) 9:52,https://news.yahoo.co.jp/pickup/6405086
マックおもちゃ プラ90%減へ,9/22(水) 9:50,https://news.yahoo.co.jp/pickup/6405085
タリバン 新国連大使を任命,9/22(水) 9:21,https://news.yahoo.co.jp/pickup/6405084
いじめ自殺小6「孤独一番いや」,9/22(水) 9:14,https://news.yahoo.co.jp/pickup/6405083
感染した保育士の出勤 園が隠す,9/22(水) 9:07,https://news.yahoo.co.jp/pickup/6405080
都立病院など 独立行政法人化へ,9/22(水) 9:01,https://news.yahoo.co.jp/pickup/6405082
摘発ドラマ人気 習政権の思惑は,9/22(水) 8:58,https://news.yahoo.co.jp/pickup/6405081
米 日本産食品の輸入停止を撤廃,9/22(水) 8:12,https://news.yahoo.co.jp/pickup/6405079
米大統領演説 中国と冷戦望まず,9/22(水) 8:05,https://news.yahoo.co.jp/pickup/6405077
ヤクルト高津監督、来季続投,9/22(水) 7:58,https://news.yahoo.co.jp/pickup/6405075
日米豪印 5Gとバイオ協力宣言へ,9/22(水) 7:55,https://news.yahoo.co.jp/pickup/6405078
南野拓実 今季初出場で2ゴール,9/22(水) 7:31,https://news.yahoo.co.jp/pickup/6405074
城島 社長で番組出演「不思議」,9/22(水) 7:24,https://news.yahoo.co.jp/pickup/6405076
真剣佑 ハリウッド映画で主演,9/22(水) 6:48,https://news.yahoo.co.jp/pickup/6405073
Jリーグ 入場制限超す動員検討,9/22(水) 6:16,https://news.yahoo.co.jp/pickup/6405072
すぐ疲れ 子供にもコロナ後遺症,9/21(火) 23:21,https://news.yahoo.co.jp/pickup/6405071
パワハラ報道 東京V報告非開示,9/21(火) 22:51,https://news.yahoo.co.jp/pickup/6405070
塩野義、希望者は週休3日制に,9/21(火) 22:33,https://news.yahoo.co.jp/pickup/6405069
大国対立映す 問われる国連総会,9/21(火) 22:26,https://news.yahoo.co.jp/pickup/6405067
金融庁 みずほ銀システム管理へ,9/21(火) 22:07,https://news.yahoo.co.jp/pickup/6405068
ヤクルト4連勝 10年ぶり貯金13,9/21(火) 21:37,https://news.yahoo.co.jp/pickup/6405065
来年10月施行 男性産休の仕組み,9/21(火) 21:18,https://news.yahoo.co.jp/pickup/6405064
紅白復活ある?アッコ新曲に反響,9/21(火) 21:14,https://news.yahoo.co.jp/pickup/6405062
タリバン閣僚に少数派 女性ゼロ,9/21(火) 20:41,https://news.yahoo.co.jp/pickup/6405061
恒大集団危機 習氏の出方に注目,9/21(火) 20:34,https://news.yahoo.co.jp/pickup/6405060
出所者の「顔」検知 JR東が中止,9/21(火) 20:18,https://news.yahoo.co.jp/pickup/6405059
加賀まりこ 事実婚と「息子」,9/21(火) 20:07,https://news.yahoo.co.jp/pickup/6405058
ビール瓶爆発で2人死亡 中国,9/21(火) 19:44,https://news.yahoo.co.jp/pickup/6405056
燕・村上 初回いきなり満塁弾,9/21(火) 19:39,https://news.yahoo.co.jp/pickup/6405057
2回目接種率 山口県なぜ全国1位,9/21(火) 18:52,https://news.yahoo.co.jp/pickup/6405054
ダイハツ 部品不足で10月も減産,9/21(火) 18:37,https://news.yahoo.co.jp/pickup/6405053
長友 FC東京は「正直ぬるい」,9/21(火) 18:17,https://news.yahoo.co.jp/pickup/6405052
森友 麻生氏「読者関心ある?」,9/21(火) 18:09,https://news.yahoo.co.jp/pickup/6405051
三菱UFJ 米銀事業の大半売却へ,9/21(火) 17:55,https://news.yahoo.co.jp/pickup/6405050
基準地価 2年連続でマイナス,9/21(火) 17:51,https://news.yahoo.co.jp/pickup/6405047
ロッテ・マーティン 右足骨折,9/21(火) 17:44,https://news.yahoo.co.jp/pickup/6405049
加賀まりこ77歳 18年間続く恋,9/21(火) 17:00,https://news.yahoo.co.jp/pickup/6405046
東京都 新たに253人感染発表,9/21(火) 17:00,https://news.yahoo.co.jp/pickup/6405045
ドコモ 定期契約の解約金を廃止,9/21(火) 16:49,https://news.yahoo.co.jp/pickup/6405043
浜辺美波に交際報道 本人は否定,9/21(火) 16:40,https://news.yahoo.co.jp/pickup/6405042
突然変異か 青いアオバハゴロモ,9/21(火) 16:08,https://news.yahoo.co.jp/pickup/6405041
電動自転車 バッテリー盗難増加,9/21(火) 16:00,https://news.yahoo.co.jp/pickup/6405040
就活セクハラ悩み アプリ悪用も,9/21(火) 15:48,https://news.yahoo.co.jp/pickup/6405039
東証660円安 大台の3万円割る,9/21(火) 15:46,https://news.yahoo.co.jp/pickup/6405038
日経平均660円安 終値2万9839円,9/21(火) 15:18,https://news.yahoo.co.jp/pickup/6405037
公明 18歳までの子に10万円公約,9/21(火) 15:17,https://news.yahoo.co.jp/pickup/6405036
大谷 9試合HRなしトップと2差,9/21(火) 14:54,https://news.yahoo.co.jp/pickup/6405035
小田急色 あえて消した下北沢,9/21(火) 14:38,https://news.yahoo.co.jp/pickup/6405034
世界的株安 連鎖拡大か収束か,9/21(火) 14:14,https://news.yahoo.co.jp/pickup/6405033
難病の猫巡り 車のやりとり話題,9/21(火) 13:58,https://news.yahoo.co.jp/pickup/6405029
那須川天心が歌手デビュー,9/21(火) 13:54,https://news.yahoo.co.jp/pickup/6405031
行動制限の効果 麻生氏が苦言,9/21(火) 13:54,https://news.yahoo.co.jp/pickup/6405032
首相 日米豪印首脳会談に出席へ,9/21(火) 13:23,https://news.yahoo.co.jp/pickup/6405028
料理研究家 森崎友紀第3子妊娠,9/21(火) 13:20,https://news.yahoo.co.jp/pickup/6405027
園バスに残され 2歳心に深い傷,9/21(火) 12:48,https://news.yahoo.co.jp/pickup/6405026
宣言 全面解除視野に28日決定へ,9/21(火) 12:38,https://news.yahoo.co.jp/pickup/6405025
枝野氏 アベノミクスは「失敗」,9/21(火) 12:14,https://news.yahoo.co.jp/pickup/6405023
川で中学生不明 下流で遺体発見,9/21(火) 12:13,https://news.yahoo.co.jp/pickup/6405024
午前終値 601円安の2万9898円,9/21(火) 12:05,https://news.yahoo.co.jp/pickup/6405022
小室圭さん 来週早々にも帰国へ,9/21(火) 11:59,https://news.yahoo.co.jp/pickup/6405021
iOS15配布開始 集中モード対応,9/21(火) 11:59,https://news.yahoo.co.jp/pickup/6405020
手掛かりなく不明2年 捜索続く,9/21(火) 11:39,https://news.yahoo.co.jp/pickup/6405019
「恒大集団」の破綻危機 背景は,9/21(火) 11:14,https://news.yahoo.co.jp/pickup/6405018
低い山も油断禁物 届け出提出を,9/21(火) 11:13,https://news.yahoo.co.jp/pickup/6405017
臨時国会10月4日召集 閣議決定,9/21(火) 10:52,https://news.yahoo.co.jp/pickup/6405016
映画の「英雄」有罪 ルワンダ,9/21(火) 10:31,https://news.yahoo.co.jp/pickup/6405014
株価一時3万円割れ 600円超下落,9/21(火) 10:16,https://news.yahoo.co.jp/pickup/6405013
男女に知ってほしい 周産期うつ,9/21(火) 9:57,https://news.yahoo.co.jp/pickup/6405012
北村総一朗 コロナ禍でいま何を,9/21(火) 9:53,https://news.yahoo.co.jp/pickup/6405011
ブランド品種 海外流出が深刻化,9/21(火) 9:13,https://news.yahoo.co.jp/pickup/6405009
特別支援学級の教諭 児童に体罰,9/21(火) 9:11,https://news.yahoo.co.jp/pickup/6405010
中絶「男性の同意」巡る課題は,9/21(火) 8:44,https://news.yahoo.co.jp/pickup/6405008
構想外報道の香川 J復帰あるか,9/21(火) 8:40,https://news.yahoo.co.jp/pickup/6405006
松井秀喜さん、大谷翔平を絶賛,9/21(火) 8:34,https://news.yahoo.co.jp/pickup/6405007
中秋の名月 広い範囲で月見日和,9/21(火) 8:09,https://news.yahoo.co.jp/pickup/6405005
ファイザー製 5-11歳にも効果,9/21(火) 7:53,https://news.yahoo.co.jp/pickup/6405003
3連休最終日、各地で人出増加,9/21(火) 7:50,https://news.yahoo.co.jp/pickup/6405004
一般道自動運転 スバル実用化へ,9/21(火) 7:39,https://news.yahoo.co.jp/pickup/6405002
BTS「未来」テーマに国連演説,9/21(火) 7:33,https://news.yahoo.co.jp/pickup/6405001
「あらびき団」今秋に放送決定,9/21(火) 7:24,https://news.yahoo.co.jp/pickup/6405000
帰ってきて 美咲さん待つ家族,9/21(火) 7:15,https://news.yahoo.co.jp/pickup/6404999
服役した人らカメラで検知 JR東,9/21(火) 6:55,https://news.yahoo.co.jp/pickup/6404998
中田翔1軍復帰 スタメン起用も,9/21(火) 6:28,https://news.yahoo.co.jp/pickup/6404997
NY株急落 下げ幅一時970ドル超,9/21(火) 6:16,https://news.yahoo.co.jp/pickup/6404996
米、外国人入国者に接種義務,9/21(火) 0:57,https://news.yahoo.co.jp/pickup/6404995
あばれる君 子供人気が追い風に,9/21(火) 0:32,https://news.yahoo.co.jp/pickup/6404994
新生銀 支援企業探しが難航,9/20(月) 23:53,https://news.yahoo.co.jp/pickup/6404993
NY株急落 中国恒大集団に懸念,9/20(月) 23:07,https://news.yahoo.co.jp/pickup/6404992
地震の崩落巻き込まれ? 1人遭難,9/20(月) 23:00,https://news.yahoo.co.jp/pickup/6404990
日大事件 設計会社評価水増しか,9/20(月) 22:51,https://news.yahoo.co.jp/pickup/6404989
まるでまき割り バット真っ二つ,9/20(月) 22:04,https://news.yahoo.co.jp/pickup/6404988
露の下院選 力業にくすぶる不満,9/20(月) 21:56,https://news.yahoo.co.jp/pickup/6404985
露の大学で銃撃 死者6人と訂正,9/20(月) 21:50,https://news.yahoo.co.jp/pickup/6404986
にしおかすみこ 実家変わり果て,9/20(月) 21:33,https://news.yahoo.co.jp/pickup/6404983
コロナ後遺症 働き盛り世代直撃,9/20(月) 21:27,https://news.yahoo.co.jp/pickup/6404984
娘が高校生に 毎日弁当作る父親,9/20(月) 21:07,https://news.yahoo.co.jp/pickup/6404982
総裁選「73歳定年制」で温度差,9/20(月) 20:53,https://news.yahoo.co.jp/pickup/6404981
後発薬不足 在庫余裕なく綱渡り,9/20(月) 20:53,https://news.yahoo.co.jp/pickup/6404980
香港選挙委選挙 親中派ほぼ独占,9/20(月) 20:30,https://news.yahoo.co.jp/pickup/6404979
連休最終日 東名で一時59km渋滞,9/20(月) 20:03,https://news.yahoo.co.jp/pickup/6404978
子3人の弁当毎日作る 父の意地,9/20(月) 20:01,https://news.yahoo.co.jp/pickup/6404976
親ガチャ論争 恵まれているとは,9/20(月) 19:53,https://news.yahoo.co.jp/pickup/6404977
年末年始なに見る?特番様変わり,9/20(月) 19:36,https://news.yahoo.co.jp/pickup/6404975
高アルコール疲れ?缶酎ハイ変化,9/20(月) 19:10,https://news.yahoo.co.jp/pickup/6404974
木材搬送中のヘリ墜落 機長負傷,9/20(月) 19:07,https://news.yahoo.co.jp/pickup/6404973
美川憲一 紅白衣装は全部処分,9/20(月) 18:50,https://news.yahoo.co.jp/pickup/6404972
ロシアの大学で銃撃 8人死亡,9/20(月) 18:28,https://news.yahoo.co.jp/pickup/6404971
メタバース事業 日本企業の挑戦,9/20(月) 18:18,https://news.yahoo.co.jp/pickup/6404967
教員いじめ 拙速処分生んだ焦り,9/20(月) 18:16,https://news.yahoo.co.jp/pickup/6404966
豊昇龍 土俵際で大技一本背負い,9/20(月) 18:10,https://news.yahoo.co.jp/pickup/6404970
連休最終日、関越道など渋滞,9/20(月) 18:07,https://news.yahoo.co.jp/pickup/6404969
缶酎ハイ 低アルコール化の動き,9/20(月) 18:04,https://news.yahoo.co.jp/pickup/6404968
「接種済んだ」にぎわう行楽地,9/20(月) 17:59,https://news.yahoo.co.jp/pickup/6404965
ブースター接種4割が希望 産経,9/20(月) 17:38,https://news.yahoo.co.jp/pickup/6404964
ガラケー迫る終焉 周知に課題,9/20(月) 17:24,https://news.yahoo.co.jp/pickup/6404959
遊泳中に溺れた高校生死亡 静岡,9/20(月) 17:16,https://news.yahoo.co.jp/pickup/6404962
RIZINにキングカズ次男 狙いは,9/20(月) 17:16,https://news.yahoo.co.jp/pickup/6404963
東京で302人感染 500人下回る,9/20(月) 16:57,https://news.yahoo.co.jp/pickup/6404961
米TV界エミー賞 Netflixが席巻,9/20(月) 16:55,https://news.yahoo.co.jp/pickup/6404960
鬼滅・我妻善逸の眠り どう解釈,9/20(月) 16:36,https://news.yahoo.co.jp/pickup/6404957
漫画家・佐伯かよのさん死去,9/20(月) 16:36,https://news.yahoo.co.jp/pickup/6404958
柏崎刈羽原発 火災感知器に不備,9/20(月) 16:07,https://news.yahoo.co.jp/pickup/6404956
副業で消防士処分 農業王国物議,9/20(月) 16:04,https://news.yahoo.co.jp/pickup/6404954
ギネス最高齢双子姉妹 記録更新,9/20(月) 15:34,https://news.yahoo.co.jp/pickup/6404950
87大学 入試で「情報」出題意向,9/20(月) 15:32,https://news.yahoo.co.jp/pickup/6404951
香川真司「構想外」と現地報道,9/20(月) 15:31,https://news.yahoo.co.jp/pickup/6404948
緊急宣言 今月末で全て解除検討,9/20(月) 14:44,https://news.yahoo.co.jp/pickup/6404947
カナリア諸島で噴火 5千人避難,9/20(月) 14:29,https://news.yahoo.co.jp/pickup/6404946
あす中秋の名月 太平洋側雲多め,9/20(月) 14:16,https://news.yahoo.co.jp/pickup/6404944
35歳の虎・桑原が引退 後悔ない,9/20(月) 14:05,https://news.yahoo.co.jp/pickup/6404943
ホンダ オンラインで新車販売へ,9/20(月) 13:32,https://news.yahoo.co.jp/pickup/6404942
五輪での出番消え チアの悔しさ,9/20(月) 13:08,https://news.yahoo.co.jp/pickup/6404941
「あの頃」復活 YouTubeの価値,9/20(月) 12:50,https://news.yahoo.co.jp/pickup/6404939
アフガン連日の爆発 IS関与主張,9/20(月) 12:06,https://news.yahoo.co.jp/pickup/6404937
槍ヶ岳4人ヘリで救助 1人けが,9/20(月) 11:41,https://news.yahoo.co.jp/pickup/6404936
女子高生殺害疑い 夫婦再逮捕,9/20(月) 11:25,https://news.yahoo.co.jp/pickup/6404935
コンサル所得隠し指南 計20億円,9/20(月) 11:24,https://news.yahoo.co.jp/pickup/6404934
有原航平、40人枠から外れる,9/20(月) 11:08,https://news.yahoo.co.jp/pickup/6404933
在学40年 105歳の「現役学生」,9/20(月) 10:44,https://news.yahoo.co.jp/pickup/6404931
感染者の急減 警鐘鳴らす専門家,9/20(月) 10:36,https://news.yahoo.co.jp/pickup/6404932
遭難3人救助 残る3人自力下山へ,9/20(月) 10:12,https://news.yahoo.co.jp/pickup/6404930
カルテないC型肝炎に壁 和解7%,9/20(月) 10:03,https://news.yahoo.co.jp/pickup/6404929
BTSは孫 シニアの「推し活」,9/20(月) 9:46,https://news.yahoo.co.jp/pickup/6404926
肌寒い朝 昼は真夏日に迫る所も,9/20(月) 9:34,https://news.yahoo.co.jp/pickup/6404928
槍ヶ岳 遭難者6人のうち3人救助,9/20(月) 9:24,https://news.yahoo.co.jp/pickup/6404927
松本潤 4年ぶり連ドラで主演,9/20(月) 8:54,https://news.yahoo.co.jp/pickup/6404924
河野・岸田氏議員支持競る 時事,9/20(月) 8:41,https://news.yahoo.co.jp/pickup/6404922
大谷 好投も快挙達成は持ち越し,9/20(月) 8:40,https://news.yahoo.co.jp/pickup/6404923
放射性廃棄物、海外処分に道筋,9/20(月) 8:15,https://news.yahoo.co.jp/pickup/6404920
ブーイング 大谷好機で申告敬遠,9/20(月) 7:47,https://news.yahoo.co.jp/pickup/6404919
地震で落石か 槍ケ岳で6人遭難,9/20(月) 7:33,https://news.yahoo.co.jp/pickup/6404918
12/31「笑ってはいけない」休止,9/20(月) 7:33,https://news.yahoo.co.jp/pickup/6404917
